id,target
466,
408,
181,
880,
929,
66,
516,
757,
564,
979,
730,
584,
712,
592,
358,
107,
742,
224,
618,
802,
354,
199,
496,
286,
586,
34,
727,
285,
662,
679,
783,
915,
409,
197,
687,
633,
341,
178,
646,
620,
404,
756,
38,
301,
697,
672,
1019,
32,
994,
723,
193,
819,
194,
860,
210,
405,
996,
552,
905,
219,
645,
324,
942,
94,
95,
77,
130,
750,
27,
177,
965,
287,
935,
934,
803,
484,
1002,
92,
458,
881,
455,
328,
149,
421,
659,
536,
685,
523,
164,
753,
852,
896,
537,
1008,
1025,
99,
718,
379,
912,
639,
349,
367,
269,
168,
315,
958,
886,
776,
398,
644,
766,
191,
807,
143,
968,
502,
528,
80,
690,
567,
794,
782,
225,
932,
541,
808,
90,
401,
111,
805,
438,
888,
21,
36,
713,
360,
702,
519,
427,
1014,
507,
588,
472,
565,
182,
364,
717,
773,
511,
248,
330,
206,
307,
79,
